experiment_id,dataset,model_name,training_strategy,head_type,learning_rate,batch_size,weight_decay,epochs,frozen_epochs,seed,epoch,train_loss,train_top1,train_top5,val_loss,val_top1,val_top5,epoch_time,trainable_parameters,phase
cifar10_small_cnn_full_training_linear_lr0p001_bs128_wd0p0001_seed42,cifar10,small_cnn,full_training,linear,0.001,128,0.0001,5,0,42,1,1.6387155200746324,39.09999999932183,88.80888887803819,1.3097362493515017,53.42,93.94,29.30141739999817,141354,train_val
cifar10_small_cnn_full_training_linear_lr0p001_bs128_wd0p0001_seed42,cifar10,small_cnn,full_training,linear,0.001,128,0.0001,5,0,42,2,1.3206193313386705,51.933333331298826,94.02666666531032,1.1397545523643493,59.2,95.16,27.59153749999677,141354,train_val
cifar10_small_cnn_full_training_linear_lr0p001_bs128_wd0p0001_seed42,cifar10,small_cnn,full_training,linear,0.001,128,0.0001,5,0,42,3,1.19418769370185,56.83555555419922,95.2822222140842,1.0835863428115844,60.7,95.92,27.946232599999348,141354,train_val
cifar10_small_cnn_full_training_linear_lr0p001_bs128_wd0p0001_seed42,cifar10,small_cnn,full_training,linear,0.001,128,0.0001,5,0,42,4,1.0997543050554064,60.611111104329424,96.20222222086588,0.8945796149253845,67.9,97.38,27.77376419999928,141354,train_val
cifar10_small_cnn_full_training_linear_lr0p001_bs128_wd0p0001_seed42,cifar10,small_cnn,full_training,linear,0.001,128,0.0001,5,0,42,5,1.0284606601715087,63.633333331977,96.56888888753257,0.9179271606445312,67.66,96.66,27.54047219999484,141354,train_val
cifar10_resnet18_head_only_one_hidden_lr0p0003_bs128_wd0p0001_seed42,cifar10,resnet18,head_only,one_hidden,0.0003,128,0.0001,3,0,42,1,1.8866091502931384,35.31777777235243,83.35555555555555,1.7319199253082276,40.44,87.0,28.16898429999856,267786,train_val
cifar10_resnet18_head_only_one_hidden_lr0p0003_bs128_wd0p0001_seed42,cifar10,resnet18,head_only,one_hidden,0.0003,128,0.0001,3,0,42,2,1.722252544699775,40.391111105685766,87.46888888210721,1.6962724128723146,41.76,87.02,27.48511060000601,267786,train_val
cifar10_resnet18_head_only_one_hidden_lr0p0003_bs128_wd0p0001_seed42,cifar10,resnet18,head_only,one_hidden,0.0003,128,0.0001,3,0,42,3,1.6954497729195488,41.628888886854384,87.5,1.6770959699630736,42.46,87.64,27.37904410000192,267786,train_val
cifar10_vit_tiny_freeze_then_unfreeze_linear_lr0p0003_bs128_wd0p0001_seed42,cifar10,vit_tiny,freeze_then_unfreeze,linear,0.0003,128,0.0001,4,2,42,1,2.1306535765753853,22.355555554877387,72.27777776692709,1.9927573719024656,27.26,79.74,27.4017060000042,1930,train_val
cifar10_vit_tiny_freeze_then_unfreeze_linear_lr0p0003_bs128_wd0p0001_seed42,cifar10,vit_tiny,freeze_then_unfreeze,linear,0.0003,128,0.0001,4,2,42,2,1.9230657919141985,31.626666665649413,82.35777777642144,1.879937735939026,32.42,82.84,26.78762799999822,1930,train_val
cifar10_vit_tiny_freeze_then_unfreeze_linear_lr0p0003_bs128_wd0p0001_seed42,cifar10,vit_tiny,freeze_then_unfreeze,linear,0.0003,128,0.0001,4,2,42,3,1.3774615957683989,49.7799999979655,93.21333332655163,1.140903402042389,59.3,95.58,28.98580260000017,5489482,train_val
cifar10_vit_tiny_freeze_then_unfreeze_linear_lr0p0003_bs128_wd0p0001_seed42,cifar10,vit_tiny,freeze_then_unfreeze,linear,0.0003,128,0.0001,4,2,42,4,1.0825681377940708,61.09777776828342,96.43777777777778,0.9545222040176392,66.94,97.08,29.63435010000103,5489482,train_val
cifar10_resnet18_freeze_then_unfreeze_linear_lr0p0001_bs64_wd0p0001_seed42,cifar10,resnet18,freeze_then_unfreeze,linear,0.0001,64,0.0001,4,2,42,1,2.178431602859497,20.92,68.89111111111112,2.0610931285858154,28.36,78.08,27.02530110000225,5130,train_val
cifar10_resnet18_freeze_then_unfreeze_linear_lr0p0001_bs64_wd0p0001_seed42,cifar10,resnet18,freeze_then_unfreeze,linear,0.0001,64,0.0001,4,2,42,2,1.968509800190396,32.56,82.05333333333333,1.9370351190567017,34.84,82.86,27.231410399996093,5130,train_val
cifar10_resnet18_freeze_then_unfreeze_linear_lr0p0001_bs64_wd0p0001_seed42,cifar10,resnet18,freeze_then_unfreeze,linear,0.0001,64,0.0001,4,2,42,3,1.8801654457092285,35.81111111111111,84.71111111111111,1.8564871276855468,36.72,84.9,50.786853199999314,11181642,train_val
cifar10_resnet18_freeze_then_unfreeze_linear_lr0p0001_bs64_wd0p0001_seed42,cifar10,resnet18,freeze_then_unfreeze,linear,0.0001,64,0.0001,4,2,42,4,1.8034253429836693,38.864444444444445,86.58666666666667,1.8043772367477413,39.26,85.82,51.12651679999544,11181642,train_val
cifar10_resnet18_freeze_then_unfreeze_linear_lr0p0001_bs128_wd0p0001_seed42,cifar10,resnet18,freeze_then_unfreeze,linear,0.0001,128,0.0001,4,2,42,1,2.230377948930528,17.775555553521052,64.46222222086588,2.127601330566406,25.14,75.56,26.02372660000401,5130,train_val
cifar10_resnet18_freeze_then_unfreeze_linear_lr0p0001_bs128_wd0p0001_seed42,cifar10,resnet18,freeze_then_unfreeze,linear,0.0001,128,0.0001,4,2,42,2,2.0450193477630614,29.64222222086589,79.34444443495009,2.000694306182861,32.3,81.12,26.17047759999696,5130,train_val
cifar10_resnet18_freeze_then_unfreeze_linear_lr0p0001_bs128_wd0p0001_seed42,cifar10,resnet18,freeze_then_unfreeze,linear,0.0001,128,0.0001,4,2,42,3,1.9626424781587388,33.13999999864366,82.58666666531033,1.9471185092926024,34.74,82.96,42.08958359999815,11181642,train_val
cifar10_resnet18_freeze_then_unfreeze_linear_lr0p0001_bs128_wd0p0001_seed42,cifar10,resnet18,freeze_then_unfreeze,linear,0.0001,128,0.0001,4,2,42,4,1.9007716081619264,35.74222221950955,84.5799999891493,1.8842294776916504,36.64,84.44,42.24297010000009,11181642,train_val
cifar10_resnet18_freeze_then_unfreeze_linear_lr0p0003_bs64_wd0p0001_seed42,cifar10,resnet18,freeze_then_unfreeze,linear,0.0003,64,0.0001,4,2,42,1,2.011193371009827,29.65333333333333,78.12,1.8714481103897087,36.26,84.8,26.183944299998984,5130,train_val
cifar10_resnet18_freeze_then_unfreeze_linear_lr0p0003_bs64_wd0p0001_seed42,cifar10,resnet18,freeze_then_unfreeze,linear,0.0003,64,0.0001,4,2,42,2,1.8067726533677844,38.10444444444445,85.98666666666666,1.791807208442688,39.18,85.94,26.358442099997774,5130,train_val
cifar10_resnet18_freeze_then_unfreeze_linear_lr0p0003_bs64_wd0p0001_seed42,cifar10,resnet18,freeze_then_unfreeze,linear,0.0003,64,0.0001,4,2,42,3,1.6858954013400609,42.13777777777778,88.38666666666667,1.6228599184036254,44.88,89.0,49.7156024000069,11181642,train_val
cifar10_resnet18_freeze_then_unfreeze_linear_lr0p0003_bs64_wd0p0001_seed42,cifar10,resnet18,freeze_then_unfreeze,linear,0.0003,64,0.0001,4,2,42,4,1.5297154900021024,47.63111111111111,91.34444444444443,1.5007277151107787,49.08,91.32,50.34623339999962,11181642,train_val
cifar10_resnet18_freeze_then_unfreeze_linear_lr0p0003_bs128_wd0p0001_seed42,cifar10,resnet18,freeze_then_unfreeze,linear,0.0003,128,0.0001,4,2,42,1,2.073514615631104,27.13777777709961,75.92222221544054,1.919175482749939,35.22,83.46,26.52718409999943,5130,train_val
cifar10_resnet18_freeze_then_unfreeze_linear_lr0p0003_bs128_wd0p0001_seed42,cifar10,resnet18,freeze_then_unfreeze,linear,0.0003,128,0.0001,4,2,42,2,1.8516011319266423,37.035555555555554,85.2088888888889,1.812795064544677,39.36,85.78,26.29997839999851,5130,train_val
cifar10_resnet18_freeze_then_unfreeze_linear_lr0p0003_bs128_wd0p0001_seed42,cifar10,resnet18,freeze_then_unfreeze,linear,0.0003,128,0.0001,4,2,42,3,1.735648546769884,41.11555555216472,87.45333332655164,1.6713068181991575,43.38,88.5,42.438250599996536,11181642,train_val
cifar10_resnet18_freeze_then_unfreeze_linear_lr0p0003_bs128_wd0p0001_seed42,cifar10,resnet18,freeze_then_unfreeze,linear,0.0003,128,0.0001,4,2,42,4,1.594430346552531,45.735555554199216,90.4911111029731,1.5456762802124024,47.5,90.74,42.15551409999898,11181642,train_val
cifar10_resnet18_freeze_then_unfreeze_linear_lr0p001_bs64_wd0p0001_seed42,cifar10,resnet18,freeze_then_unfreeze,linear,0.001,64,0.0001,4,2,42,1,1.8581327799903025,35.47555555555556,83.29333333333334,1.7650640941619873,39.26,86.5,27.99860800000169,5130,train_val
cifar10_resnet18_freeze_then_unfreeze_linear_lr0p001_bs64_wd0p0001_seed42,cifar10,resnet18,freeze_then_unfreeze,linear,0.001,64,0.0001,4,2,42,2,1.7306870301564534,40.38444444444445,87.16888888888889,1.7497914196014404,40.7,86.1,27.44868020000285,5130,train_val
cifar10_resnet18_freeze_then_unfreeze_linear_lr0p001_bs64_wd0p0001_seed42,cifar10,resnet18,freeze_then_unfreeze,linear,0.001,64,0.0001,4,2,42,3,1.5270574679904514,47.22222222222222,90.97111111111111,1.3644637376785278,53.1,92.66,50.93868150000344,11181642,train_val
cifar10_resnet18_freeze_then_unfreeze_linear_lr0p001_bs64_wd0p0001_seed42,cifar10,resnet18,freeze_then_unfreeze,linear,0.001,64,0.0001,4,2,42,4,1.2575843431684706,56.3,94.54444444444444,1.1508384941101075,60.16,95.3,50.6939698999995,11181642,train_val
cifar10_resnet18_freeze_then_unfreeze_linear_lr0p001_bs128_wd0p0001_seed42,cifar10,resnet18,freeze_then_unfreeze,linear,0.001,128,0.0001,4,2,42,1,1.89252141210768,34.69555555487739,82.58222222222223,1.7575022827148437,39.88,86.32,26.4960637999975,5130,train_val
cifar10_resnet18_freeze_then_unfreeze_linear_lr0p001_bs128_wd0p0001_seed42,cifar10,resnet18,freeze_then_unfreeze,linear,0.001,128,0.0001,4,2,42,2,1.7322774886873034,40.29999999728733,87.15777777777778,1.7168668674468994,41.88,87.18,27.097905900001933,5130,train_val
cifar10_resnet18_freeze_then_unfreeze_linear_lr0p001_bs128_wd0p0001_seed42,cifar10,resnet18,freeze_then_unfreeze,linear,0.001,128,0.0001,4,2,42,3,1.544413151020474,46.92666666259765,90.57111110161676,1.3935754114151,51.62,92.52,44.28565260000323,11181642,train_val
cifar10_resnet18_freeze_then_unfreeze_linear_lr0p001_bs128_wd0p0001_seed42,cifar10,resnet18,freeze_then_unfreeze,linear,0.001,128,0.0001,4,2,42,4,1.2980033535851372,55.07111111246745,94.31555554877389,1.2021195503234865,58.64,94.94,44.52732649999962,11181642,train_val
cifar10_vit_tiny_freeze_then_unfreeze_linear_lr0p0001_bs64_wd0p0001_seed42,cifar10,vit_tiny,freeze_then_unfreeze,linear,0.0001,64,0.0001,4,2,42,1,2.212934962039524,18.12,67.02444444444444,2.11159585647583,22.5,74.7,27.161412499997823,1930,train_val
cifar10_vit_tiny_freeze_then_unfreeze_linear_lr0p0001_bs64_wd0p0001_seed42,cifar10,vit_tiny,freeze_then_unfreeze,linear,0.0001,64,0.0001,4,2,42,2,2.027160656272041,27.67333333333333,79.19555555555556,1.9849565311431885,27.9,79.6,27.811630799995328,1930,train_val
cifar10_vit_tiny_freeze_then_unfreeze_linear_lr0p0001_bs64_wd0p0001_seed42,cifar10,vit_tiny,freeze_then_unfreeze,linear,0.0001,64,0.0001,4,2,42,3,1.5036818178600737,44.89333333333333,91.45777777777778,1.309420517539978,53.12,94.12,38.71103079999739,5489482,train_val
cifar10_vit_tiny_freeze_then_unfreeze_linear_lr0p0001_bs64_wd0p0001_seed42,cifar10,vit_tiny,freeze_then_unfreeze,linear,0.0001,64,0.0001,4,2,42,4,1.2212548141267563,55.85777777777778,95.25333333333332,1.111448274040222,60.74,95.98,38.181533899994974,5489482,train_val
cifar10_vit_tiny_freeze_then_unfreeze_linear_lr0p0001_bs128_wd0p0001_seed42,cifar10,vit_tiny,freeze_then_unfreeze,linear,0.0001,128,0.0001,4,2,42,1,2.264529722595215,15.19555555419922,62.65111110975477,2.191896217727661,18.86,69.48,26.614661700004945,1930,train_val
cifar10_vit_tiny_freeze_then_unfreeze_linear_lr0p0001_bs128_wd0p0001_seed42,cifar10,vit_tiny,freeze_then_unfreeze,linear,0.0001,128,0.0001,4,2,42,2,2.106553816604614,24.226666663953992,75.50666666259765,2.069605570602417,23.88,76.58,26.623415699999896,1930,train_val
cifar10_vit_tiny_freeze_then_unfreeze_linear_lr0p0001_bs128_wd0p0001_seed42,cifar10,vit_tiny,freeze_then_unfreeze,linear,0.0001,128,0.0001,4,2,42,3,1.6014214597066243,41.4377777730306,89.89999999050565,1.405641716003418,49.5,93.44,29.306126800001948,5489482,train_val
cifar10_vit_tiny_freeze_then_unfreeze_linear_lr0p0001_bs128_wd0p0001_seed42,cifar10,vit_tiny,freeze_then_unfreeze,linear,0.0001,128,0.0001,4,2,42,4,1.3056574550204807,52.55777777167426,94.36222222222224,1.218414855194092,56.28,95.02,29.12631590000092,5489482,train_val
cifar10_vit_tiny_freeze_then_unfreeze_linear_lr0p0003_bs64_wd0p0001_seed42,cifar10,vit_tiny,freeze_then_unfreeze,linear,0.0003,64,0.0001,4,2,42,1,2.064075898891025,25.344444444444445,75.67111111111112,1.9135782291412355,30.8,82.38,26.7499697999956,1930,train_val
cifar10_vit_tiny_freeze_then_unfreeze_linear_lr0p0003_bs64_wd0p0001_seed42,cifar10,vit_tiny,freeze_then_unfreeze,linear,0.0003,64,0.0001,4,2,42,2,1.858177239057753,33.83111111111111,83.91777777777777,1.8292893789291385,33.4,84.22,27.14293470000121,1930,train_val
cifar10_vit_tiny_freeze_then_unfreeze_linear_lr0p0003_bs64_wd0p0001_seed42,cifar10,vit_tiny,freeze_then_unfreeze,linear,0.0003,64,0.0001,4,2,42,3,1.308589385732015,52.47111111111112,94.06444444444443,1.0898664748191833,60.88,96.18,37.94905960000324,5489482,train_val
cifar10_vit_tiny_freeze_then_unfreeze_linear_lr0p0003_bs64_wd0p0001_seed42,cifar10,vit_tiny,freeze_then_unfreeze,linear,0.0003,64,0.0001,4,2,42,4,1.0180566804038154,63.61111111111112,96.9888888888889,0.8948231621742249,68.64,97.48,38.384873899995,5489482,train_val
cifar10_vit_tiny_freeze_then_unfreeze_linear_lr0p001_bs64_wd0p0001_seed42,cifar10,vit_tiny,freeze_then_unfreeze,linear,0.001,64,0.0001,4,2,42,1,1.903963881895277,31.42888888888889,81.38222222222223,1.7800846141815183,36.02,85.34,29.18906550000247,1930,train_val
cifar10_vit_tiny_freeze_then_unfreeze_linear_lr0p001_bs64_wd0p0001_seed42,cifar10,vit_tiny,freeze_then_unfreeze,linear,0.001,64,0.0001,4,2,42,2,1.7469773367987738,37.25333333333333,86.2,1.7620733583450316,36.58,86.1,28.626718400002574,1930,train_val
cifar10_vit_tiny_freeze_then_unfreeze_linear_lr0p001_bs64_wd0p0001_seed42,cifar10,vit_tiny,freeze_then_unfreeze,linear,0.001,64,0.0001,4,2,42,3,1.1918561978234186,57.04,95.0911111111111,0.9295918926239014,67.42,96.94,37.93601439999475,5489482,train_val
cifar10_vit_tiny_freeze_then_unfreeze_linear_lr0p001_bs64_wd0p0001_seed42,cifar10,vit_tiny,freeze_then_unfreeze,linear,0.001,64,0.0001,4,2,42,4,0.9028001862419976,68.04444444444445,97.58666666666667,0.76127781457901,73.14,98.2,37.92428059999656,5489482,train_val
cifar10_vit_tiny_freeze_then_unfreeze_linear_lr0p001_bs128_wd0p0001_seed42,cifar10,vit_tiny,freeze_then_unfreeze,linear,0.001,128,0.0001,4,2,42,1,1.9573780976189508,29.31999999457465,79.60666665988498,1.8192817443847653,33.7,84.52,26.338762800005497,1930,train_val
cifar10_vit_tiny_freeze_then_unfreeze_linear_lr0p001_bs128_wd0p0001_seed42,cifar10,vit_tiny,freeze_then_unfreeze,linear,0.001,128,0.0001,4,2,42,2,1.7790468652089435,36.57999999660916,85.47999999186197,1.7705332374572753,36.1,85.64,26.59017470000253,1930,train_val
cifar10_vit_tiny_freeze_then_unfreeze_linear_lr0p001_bs128_wd0p0001_seed42,cifar10,vit_tiny,freeze_then_unfreeze,linear,0.001,128,0.0001,4,2,42,3,1.223184940232171,55.79999999321832,94.81111110432944,0.9660665454864502,66.0,96.9,28.69242899999517,5489482,train_val
cifar10_vit_tiny_freeze_then_unfreeze_linear_lr0p001_bs128_wd0p0001_seed42,cifar10,vit_tiny,freeze_then_unfreeze,linear,0.001,128,0.0001,4,2,42,4,0.9260107209311592,67.09111110975478,97.48222222222222,0.7976682802200318,71.44,97.82,29.00374290000036,5489482,train_val
cifar100_resnet18_freeze_then_unfreeze_linear_lr0p001_bs64_wd0p0001_seed42,cifar100,resnet18,freeze_then_unfreeze,linear,0.001,64,0.0001,4,2,42,1,3.880294585842557,13.988888888888887,35.46888888888889,3.643181442260742,18.86,43.06,31.458268100002897,51300,train_val
cifar100_resnet18_freeze_then_unfreeze_linear_lr0p001_bs64_wd0p0001_seed42,cifar100,resnet18,freeze_then_unfreeze,linear,0.001,64,0.0001,4,2,42,2,3.5448218516879613,19.14,44.43333333333333,3.538746599197388,20.2,45.84,27.510478900003363,51300,train_val
cifar100_resnet18_freeze_then_unfreeze_linear_lr0p001_bs64_wd0p0001_seed42,cifar100,resnet18,freeze_then_unfreeze,linear,0.001,64,0.0001,4,2,42,3,3.1942300111134845,23.942222222222224,52.38666666666666,3.029581362915039,27.02,56.18,51.64023989999987,11227812,train_val
cifar100_resnet18_freeze_then_unfreeze_linear_lr0p001_bs64_wd0p0001_seed42,cifar100,resnet18,freeze_then_unfreeze,linear,0.001,64,0.0001,4,2,42,4,2.856460897954305,29.23111111111111,59.72666666666667,2.748632484436035,31.54,62.2,52.10501789999398,11227812,train_val
cifar100_vit_tiny_freeze_then_unfreeze_linear_lr0p001_bs64_wd0p0001_seed42,cifar100,vit_tiny,freeze_then_unfreeze,linear,0.001,64,0.0001,4,2,42,1,4.086352507442898,9.386666666666668,26.69555555555556,3.791880662536621,13.58,35.04,28.30621329999849,19300,train_val
cifar100_vit_tiny_freeze_then_unfreeze_linear_lr0p001_bs64_wd0p0001_seed42,cifar100,vit_tiny,freeze_then_unfreeze,linear,0.001,64,0.0001,4,2,42,2,3.737182723024156,14.324444444444444,36.66222222222222,3.6609463417053214,15.94,37.74,28.48546269999497,19300,train_val
cifar100_vit_tiny_freeze_then_unfreeze_linear_lr0p001_bs64_wd0p0001_seed42,cifar100,vit_tiny,freeze_then_unfreeze,linear,0.001,64,0.0001,4,2,42,3,2.812552677790324,29.25555555555556,59.67333333333333,2.358196299171448,38.18,70.26,41.14672040000005,5506852,train_val
cifar100_vit_tiny_freeze_then_unfreeze_linear_lr0p001_bs64_wd0p0001_seed42,cifar100,vit_tiny,freeze_then_unfreeze,linear,0.001,64,0.0001,4,2,42,4,2.281485673099094,40.12,71.94666666666667,2.0799211402893065,44.94,75.46,41.5480830000015,5506852,train_val
cifar10_small_cnn_full_training_one_hidden_lr0p001_bs128_wd0p0001_seed42,cifar10,small_cnn,full_training,one_hidden,0.001,128,0.0001,5,0,42,1,1.6542844929801093,37.23777777438693,88.59333333333333,1.3578827297210694,49.9,94.24,29.16016980000132,211242,train_val
cifar10_small_cnn_full_training_one_hidden_lr0p001_bs128_wd0p0001_seed42,cifar10,small_cnn,full_training,one_hidden,0.001,128,0.0001,5,0,42,2,1.3329255345450508,51.15111110839844,93.82888888888888,1.1628831811904907,57.66,95.1,27.06203490000189,211242,train_val
cifar10_small_cnn_full_training_one_hidden_lr0p001_bs128_wd0p0001_seed42,cifar10,small_cnn,full_training,one_hidden,0.001,128,0.0001,5,0,42,3,1.1841954623116386,56.73777777642144,95.38222221544054,1.0350894702911375,63.1,95.84,27.066643599995587,211242,train_val
cifar10_small_cnn_full_training_one_hidden_lr0p001_bs128_wd0p0001_seed42,cifar10,small_cnn,full_training,one_hidden,0.001,128,0.0001,5,0,42,4,1.0880001503944396,60.499999997287325,96.05111110432942,0.9360129363059998,66.02,97.02,27.228543999997783,211242,train_val
cifar10_small_cnn_full_training_one_hidden_lr0p001_bs128_wd0p0001_seed42,cifar10,small_cnn,full_training,one_hidden,0.001,128,0.0001,5,0,42,5,1.0211324637942845,63.13555555284288,96.65555554741752,0.8429426058769226,70.28,97.34,26.97578250000516,211242,train_val
cifar10_small_cnn_full_training_two_hidden_lr0p001_bs128_wd0p0001_seed42,cifar10,small_cnn,full_training,two_hidden,0.001,128,0.0001,5,0,42,1,1.6967775706185235,34.839999994574654,87.50222221137153,1.4328327800750733,45.1,92.66,27.17327669999941,340010,train_val
cifar10_small_cnn_full_training_two_hidden_lr0p001_bs128_wd0p0001_seed42,cifar10,small_cnn,full_training,two_hidden,0.001,128,0.0001,5,0,42,2,1.3861828579584758,48.72222222086589,93.306666663954,1.1686446180343628,56.28,95.34,27.654352300000028,340010,train_val
cifar10_small_cnn_full_training_two_hidden_lr0p001_bs128_wd0p0001_seed42,cifar10,small_cnn,full_training,two_hidden,0.001,128,0.0001,5,0,42,3,1.2322342642890085,55.21555555352105,94.98888888075086,1.06455587310791,62.2,95.76,26.968342799998936,340010,train_val
cifar10_small_cnn_full_training_two_hidden_lr0p001_bs128_wd0p0001_seed42,cifar10,small_cnn,full_training,two_hidden,0.001,128,0.0001,5,0,42,4,1.1351257230970595,58.953333323838976,95.673333331977,0.9741707341194152,65.16,96.78,27.149898899995605,340010,train_val
cifar10_small_cnn_full_training_two_hidden_lr0p001_bs128_wd0p0001_seed42,cifar10,small_cnn,full_training,two_hidden,0.001,128,0.0001,5,0,42,5,1.059518041229248,61.7444444390191,96.33999999864366,1.0094058077812196,63.6,96.4,27.26314100000309,340010,train_val
cifar10_vit_tiny_freeze_then_unfreeze_one_hidden_lr0p001_bs64_wd0p0001_seed42,cifar10,vit_tiny,freeze_then_unfreeze,one_hidden,0.001,64,0.0001,4,2,42,1,1.7897040882746378,34.526666666666664,84.47333333333333,1.68501903591156,39.06,87.6,28.8543267999994,103946,train_val
cifar10_vit_tiny_freeze_then_unfreeze_one_hidden_lr0p001_bs64_wd0p0001_seed42,cifar10,vit_tiny,freeze_then_unfreeze,one_hidden,0.001,64,0.0001,4,2,42,2,1.6890829452514649,38.55555555555556,87.70444444444445,1.6900939878463743,37.5,88.82,29.766516199997568,103946,train_val
cifar10_vit_tiny_freeze_then_unfreeze_one_hidden_lr0p001_bs64_wd0p0001_seed42,cifar10,vit_tiny,freeze_then_unfreeze,one_hidden,0.001,64,0.0001,4,2,42,3,1.217470743009779,56.05111111111111,94.92444444444445,0.9585395771980284,66.08,97.12,39.52862749999622,5591498,train_val
cifar10_vit_tiny_freeze_then_unfreeze_one_hidden_lr0p001_bs64_wd0p0001_seed42,cifar10,vit_tiny,freeze_then_unfreeze,one_hidden,0.001,64,0.0001,4,2,42,4,0.9325727349387276,66.93333333333334,97.43111111111112,0.7788095911979676,72.48,98.06,38.90750729999854,5591498,train_val
cifar10_vit_tiny_freeze_then_unfreeze_two_hidden_lr0p001_bs64_wd0p0001_seed42,cifar10,vit_tiny,freeze_then_unfreeze,two_hidden,0.001,64,0.0001,4,2,42,1,1.7998387258105808,33.791111111111114,84.1288888888889,1.6790402177810668,38.32,87.98,28.636911300003703,232714,train_val
cifar10_vit_tiny_freeze_then_unfreeze_two_hidden_lr0p001_bs64_wd0p0001_seed42,cifar10,vit_tiny,freeze_then_unfreeze,two_hidden,0.001,64,0.0001,4,2,42,2,1.7043367134518093,37.986666666666665,87.55777777777777,1.6994357707977297,37.0,88.34,27.956860599995707,232714,train_val
cifar10_vit_tiny_freeze_then_unfreeze_two_hidden_lr0p001_bs64_wd0p0001_seed42,cifar10,vit_tiny,freeze_then_unfreeze,two_hidden,0.001,64,0.0001,4,2,42,3,1.2585846503363716,54.81111111111111,94.50888888888888,0.99798993768692,64.88,96.54,39.10066519999964,5720266,train_val
cifar10_vit_tiny_freeze_then_unfreeze_two_hidden_lr0p001_bs64_wd0p0001_seed42,cifar10,vit_tiny,freeze_then_unfreeze,two_hidden,0.001,64,0.0001,4,2,42,4,0.9670771040174696,65.86222222222223,97.07777777777778,0.8149062823295593,71.46,97.74,39.11465030000545,5720266,train_val
cifar10_resnet18_freeze_then_unfreeze_one_hidden_lr0p001_bs64_wd0p0001_seed42,cifar10,resnet18,freeze_then_unfreeze,one_hidden,0.001,64,0.0001,4,2,42,1,1.7882059087965223,37.144444444444446,85.13111111111111,1.7132822017669678,39.9,86.66,27.410982100002,267786,train_val
cifar10_resnet18_freeze_then_unfreeze_one_hidden_lr0p001_bs64_wd0p0001_seed42,cifar10,resnet18,freeze_then_unfreeze,one_hidden,0.001,64,0.0001,4,2,42,2,1.6857424735811022,40.717777777777776,87.46444444444444,1.6925709981918335,40.5,86.84,27.290819900001225,267786,train_val
cifar10_resnet18_freeze_then_unfreeze_one_hidden_lr0p001_bs64_wd0p0001_seed42,cifar10,resnet18,freeze_then_unfreeze,one_hidden,0.001,64,0.0001,4,2,42,3,1.4767305583530002,48.13777777777778,91.25111111111111,1.3264471570968628,52.72,93.38,50.3090691000034,11444298,train_val
cifar10_resnet18_freeze_then_unfreeze_one_hidden_lr0p001_bs64_wd0p0001_seed42,cifar10,resnet18,freeze_then_unfreeze,one_hidden,0.001,64,0.0001,4,2,42,4,1.248581598493788,56.1,94.62,1.146831299781799,59.54,95.16,50.69442999999592,11444298,train_val
cifar10_resnet18_freeze_then_unfreeze_two_hidden_lr0p001_bs64_wd0p0001_seed42,cifar10,resnet18,freeze_then_unfreeze,two_hidden,0.001,64,0.0001,4,2,42,1,1.801554276869032,36.28666666666667,84.38222222222223,1.712856305885315,39.5,86.8,27.658705100002408,396554,train_val
cifar10_resnet18_freeze_then_unfreeze_two_hidden_lr0p001_bs64_wd0p0001_seed42,cifar10,resnet18,freeze_then_unfreeze,two_hidden,0.001,64,0.0001,4,2,42,2,1.6990727281358506,40.19111111111111,87.17111111111112,1.6948619438171386,40.56,86.56,27.613743100002463,396554,train_val
cifar10_resnet18_freeze_then_unfreeze_two_hidden_lr0p001_bs64_wd0p0001_seed42,cifar10,resnet18,freeze_then_unfreeze,two_hidden,0.001,64,0.0001,4,2,42,3,1.4914996733559502,46.98888888888889,91.2688888888889,1.320929598236084,52.56,93.6,52.21742789999553,11573066,train_val
cifar10_resnet18_freeze_then_unfreeze_two_hidden_lr0p001_bs64_wd0p0001_seed42,cifar10,resnet18,freeze_then_unfreeze,two_hidden,0.001,64,0.0001,4,2,42,4,1.2623229011535644,55.42,94.56888888888888,1.151643330001831,59.3,95.12,52.071915100001206,11573066,train_val
cifar10_resnet18_full_training_linear_lr0p001_bs64_wd0p0001_seed42,cifar10,resnet18,full_training,linear,0.001,64,0.0001,5,0,42,1,1.1806551187727186,58.64,93.75777777777778,0.766816482257843,73.48,97.84,52.92069400000037,11181642,train_val
cifar10_resnet18_full_training_linear_lr0p001_bs64_wd0p0001_seed42,cifar10,resnet18,full_training,linear,0.001,64,0.0001,5,0,42,2,0.7670789881812201,73.61777777777777,98.18444444444444,0.6457631855964661,78.1,98.32,51.62460070000088,11181642,train_val
cifar10_resnet18_full_training_linear_lr0p001_bs64_wd0p0001_seed42,cifar10,resnet18,full_training,linear,0.001,64,0.0001,5,0,42,3,0.6598627736409505,77.12444444444445,98.70666666666666,0.5859886951446533,79.88,98.68,51.55346690000442,11181642,train_val
cifar10_resnet18_full_training_linear_lr0p001_bs64_wd0p0001_seed42,cifar10,resnet18,full_training,linear,0.001,64,0.0001,5,0,42,4,0.5918748789257473,79.55555555555556,99.0111111111111,0.6015811318397521,79.82,98.66,50.79975550000381,11181642,train_val
cifar10_resnet18_full_training_linear_lr0p001_bs64_wd0p0001_seed42,cifar10,resnet18,full_training,linear,0.001,64,0.0001,5,0,42,5,0.5561268482314216,80.70666666666666,99.11777777777776,0.5277473489761353,81.84,98.92,52.74002009999822,11181642,train_val
cifar100_resnet18_full_training_linear_lr0p001_bs64_wd0p0001_seed42,cifar100,resnet18,full_training,linear,0.001,64,0.0001,4,0,42,1,3.0716910327911378,24.88888888888889,53.72,2.264394301223755,40.04,72.24,51.52982129999873,11227812,train_val
cifar100_resnet18_full_training_linear_lr0p001_bs64_wd0p0001_seed42,cifar100,resnet18,full_training,linear,0.001,64,0.0001,4,0,42,2,2.184457162051731,41.48222222222222,74.17777777777778,1.9600136661529541,47.42,78.38,50.97180519999529,11227812,train_val
cifar100_resnet18_full_training_linear_lr0p001_bs64_wd0p0001_seed42,cifar100,resnet18,full_training,linear,0.001,64,0.0001,4,0,42,3,1.9067855701022678,47.82888888888889,79.16444444444444,1.8678578985214234,49.32,79.58,51.154367200004344,11227812,train_val
cifar100_resnet18_full_training_linear_lr0p001_bs64_wd0p0001_seed42,cifar100,resnet18,full_training,linear,0.001,64,0.0001,4,0,42,4,1.742972804684109,51.355555555555554,82.26444444444445,1.733982594871521,52.18,82.06,51.50385549999919,11227812,train_val
